Author	n (strains)	publication title	journal	publication URL	strains
Rasel Ahmed et al	4	unknown	unknown	unknown	Bangladesh/BARJ-CVASU-CTG-506/2020,Bangladesh/BARJ-CVASU-CTG-501/2020,Bangladesh/BARJ-CVASU-CTG-502/2020,Bangladesh/BARJ-CVASU-CTG-517/2020
Md. Sabbir Hossain et al	3	unknown	unknown	unknown	Bangladesh/BARJ-CVASU-CTG-503/2020,Bangladesh/BARJ-CVASU-CTG-518/2020,Bangladesh/BARJ-CVASU-CTG-511/2020
Hassan M. Al-Emran et al	2	unknown	unknown	unknown	Bangladesh/JUST-GC40.38/2020,Bangladesh/JUST-GC47-099/2020
Md. Shazid Hasan et al	3	unknown	unknown	unknown	Bangladesh/JUST-GC40.86/2020,Bangladesh/JUST-GC91.124/2020,Bangladesh/JUST-GC55-034/2020
A. S. M. Rubayet- Ul- Alam et al	2	unknown	unknown	unknown	Bangladesh/JUST-GC15.09/2020,Bangladesh/JUST-GC56-105/2020
Md. Murshed Hasan Sarkar et al	103	unknown	unknown	unknown	Bangladesh/BCSIR-NILMRC-718/2021,Bangladesh/BCSIR-NILMRC-738/2021,Bangladesh/BCSIR-SUST-06/2020,Bangladesh/BCSIR-NILMRC-502/2020,Bangladesh/BCSIR-NILMRC-204/2020,Bangladesh/BCSIR-NILMRC-314/2020,Bangladesh/BCSIR-NILMRC-736/2021,Bangladesh/BCSIR-NILMRC-710/2021,Bangladesh/BCSIR-AFIP-47/2021,Bangladesh/BCSIR-AFIP-48/2021,Bangladesh/BCSIR-AFIP-25/2021,Bangladesh/BCSIR-NILMRC-741/2021,Bangladesh/BCSIR-AFIP-08/2021,Bangladesh/BCSIR-AFIP-45/2021,Bangladesh/BCSIR-NILMRC-685/2021,Bangladesh/BCSIR-AFIP-44/2021,Bangladesh/BCSIR-NILMRC-702/2021,Bangladesh/BCSIR-NILMRC-706/2021,Bangladesh/BCSIR-AFIP-23/2021,Bangladesh/BCSIR-NILMRC-742/2021,Bangladesh/BCSIR-NILMRC-669/2021,Bangladesh/BCSIR-NILMRC-683/2021,Bangladesh/BCSIR-AFIP-36/2021,Bangladesh/BCSIR-NILMRC-714/2021,Bangladesh/BCSIR-NILMRC-712/2021,Bangladesh/BCSIR-AFIP-26/2021,Bangladesh/BCSIR-AFIP-02/2021,Bangladesh/BCSIR-NILMRC-720/2021,Bangladesh/BCSIR-NILMRC-709/2021,Bangladesh/BCSIR-NILMRC-670/2021,Bangladesh/BCSIR-AFIP-46/2021,Bangladesh/BCSIR-NILMRC-677/2021,Bangladesh/BCSIR-NILMRC-637/2021,Bangladesh/BCSIR-NILMRC-723/2021,Bangladesh/BCSIR-AFIP-43/2021,Bangladesh/BCSIR-NILMRC-743/2021,Bangladesh/BCSIR-AFIP-05/2021,Bangladesh/BCSIR-NILMRC-708/2021,Bangladesh/BCSIR-AFIP-24/2021,Bangladesh/BCSIR-NILMRC-711/2021,Bangladesh/BCSIR-NILMRC-687/2021,Bangladesh/BCSIR-NILMRC-735/2021,Bangladesh/BCSIR-NILMRC-719/2021,Bangladesh/BCSIR-NILMRC-704/2021,Bangladesh/BCSIR-NILMRC-675/2021,Bangladesh/BCSIR-NILMRC-713/2021,Bangladesh/BCSIR-AFIP-03/2021,Bangladesh/BCSIR-AFIP-01/2021,Bangladesh/BCSIR-AFIP-04/2021,Bangladesh/BCSIR-NILMRC-739/2021,Bangladesh/BCSIR-NILMRC-740/2021,Bangladesh/BCSIR-NILMRC-745/2021,Bangladesh/BCSIR-NILMRC-734/2021,Bangladesh/BCSIR-NILMRC-733/2021,Bangladesh/BCSIR-NILMRC-705/2021,Bangladesh/BCSIR-AFIP-06/2021,Bangladesh/BCSIR-NILMRC-676/2021,Bangladesh/BCSIR-NILMRC-206/2020,Bangladesh/BCSIR-NILMRC_390/2020,Bangladesh/BCSIR-NILMRC-210/2020,Bangladesh/BCSIR-NILMRC-363/2020,Bangladesh/BCSIR-NILMRC-245/2020,Bangladesh/BCSIR-NILMRC-359/2020,Bangladesh/BCSIR_NILMRC_128/2020,Bangladesh/BCSIR-SUST-08/2021,Bangladesh/BCSIR-NILMRC-432/2021,Bangladesh/BCSIR-NILMRC-463/2021,Bangladesh/BCSIR-SUST-01/2021,Bangladesh/BCSIR-SUST-09/2021,Bangladesh/BCSIR-NILMRC-435/2021,Bangladesh/BCSIR-NILMRC-442/2021,Bangladesh/BCSIR-NILMRC-504/2021,Bangladesh/BCSIR-NILMRC-717/2021,Bangladesh/BCSIR-NILMRC-476/2021,Bangladesh/BCSIR-NILMRC-746/2021,Bangladesh/BCSIR-NILMRC-674/2021,Bangladesh/BCSIR-NILMRC-671/2021,Bangladesh/BCSIR-NILMRC-673/2021,Bangladesh/BCSIR-NILMRC-672/2021,Bangladesh/BCSIR-NILMRC-473/2021,Bangladesh/BCSIR-NILMRC-516/2020,Bangladesh/BCSIR-SUST-56/2021,Bangladesh/BCSIR-NILMRC-327/2020,Bangladesh/BCSIR-NILMRC-096/2020,Bangladesh/BCSIR-NILMRC_360/2020,Bangladesh/BCSIR-NILMRC-519-/2020,Bangladesh/BCSIR-NILMRC-345/2020,Bangladesh/BCSIR-NILMRC-349/2020,Bangladesh/BCSIR-NILMRC-205/2020,Bangladesh/BCSIR-SUST-55/2021,Bangladesh/BCSIR-NILMRC_391/2020,Bangladesh/BCSIR-NILMRC-346/2020,Bangladesh/BCSIR-NILMRC-246/2020,Bangladesh/BCSIR-NILMRC-344/2020,Bangladesh/BCSIR-NILMRC_376A/2020,Bangladesh/BCSIR-NILMRC-362/2020,Bangladesh/BCSIR-NILMRC-361/2020,Bangladesh/BCSIR-SUST-04/2021,Bangladesh/BCSIR-SUST-18/2021,Bangladesh/BCSIR-NILMRC-715/2021,Bangladesh/BCSIR-NILMRC-716/2021,Bangladesh/BCSIR-NILMRC-721/2021,Bangladesh/BCSIR-NILMRC-722/2021
Abu Sayeed Mohammad Mahmud et al	57	unknown	unknown	unknown	Bangladesh/BCSIR-NILMRC-680/2021,Bangladesh/BCSIR-AFIP-10/2021,Bangladesh/BCSIR-NILMRC-343/2020,Bangladesh/BCSIR-NILMRC-067/2020,Bangladesh/BCSIR-NILMRC-071/2020,Bangladesh/BCSIR-NILMRC-069/2020,Bangladesh/BCSIR-NILMRC-070/2020,Bangladesh/BCSIR-NILMRC-257/2020,Bangladesh/BCSIR-DU-16/2020,Bangladesh/BCSIR-NILMRC-220/2020,Bangladesh/BCSIR-NILMRC-288/2020,Bangladesh/BCSIR-NILMRC-186/2020,Bangladesh/BCSIR-NILMRC-216/2020,Bangladesh/BCSIR-NILMRC-158/2020,Bangladesh/BCSIR-NILMRC-679/2021,Bangladesh/BCSIR-AFIP-09/2021,Bangladesh/BCSIR-NILMRC-678/2021,Bangladesh/BCSIR-AFIP-11/2021,Bangladesh/BCSIR-NILMRC-287/2020,Bangladesh/BCSIR-NILMRC-086/2020,Bangladesh/BCSIR-NILMRC-194/2020,Bangladesh/BCSIR-NILMRC-057/2020,Bangladesh/BCSIR-NILMRC-056/2020,Bangladesh/BCSIR-NILMRC-180/2020,Bangladesh/BCSIR-NILMRC-052/2020,Bangladesh/BCSIR-NILMRC-118/2020,Bangladesh/BCSIR-NILMRC-118a/2020,Bangladesh/BCSIR-NILMRC-004-2/2020,Bangladesh/BCSIR-NILMRC-312/2020,Bangladesh/BCSIR-NILMRC-190/2020,Bangladesh/BCSIR-NILMRC-058/2020,Bangladesh/BCSIR-NILMRC-305/2020,Bangladesh/BCSIR-NILMRC-311/2020,Bangladesh/BCSIR-NILMRC-371/2020,Bangladesh/BCSIR-NILMRC-072/2020,Bangladesh/BCSIR-NILMRC-374/2020,Bangladesh/BCSIR-NILMRC-008/2020,Bangladesh/BCSIR-NILMRC-156/2020,Bangladesh/BCSIR-NILMRC_392/2020,Bangladesh/BCSIR-NILMRC_398/2020,Bangladesh/BCSIR-NILMRC-078/2020,Bangladesh/BCSIR-NILMRC-006/2020,Bangladesh/BCSIR-NILMRC-006.2/2020,Bangladesh/BCSIR-NILMRC-051/2020,Bangladesh/BCSIR-NILMRC-054/2020,Bangladesh/BCSIR-NILMRC-292/2020,Bangladesh/BCSIR-NILMRC_355/2020,Bangladesh/BCSIR-NILMRC-088/2020,Bangladesh/BCSIR-NILMRC-015/2020,Bangladesh/BCSIR-NILMRC-342/2020,Bangladesh/BCSIR-NILMRC-007/2020,Bangladesh/BCSIR-NILMRC-203/2020,Bangladesh/BCSIR-NILMRC-281/2020,Bangladesh/BCSIR-NILMRC-005/2020,Bangladesh/BCSIR-NILMRC-264/2020,Bangladesh/BCSIR-NILMRC-009/2020,Bangladesh/BCSIR-NILMRC-372/2020
Tasnim Nafisa et al	14	unknown	unknown	unknown	Bangladesh/BCSIR-NILMRC-694/2021,Bangladesh/BCSIR-NILMRC-725/2021,Bangladesh/BCSIR-NILMRC-693/2021,Bangladesh/BCSIR-NILMRC-726/2021,Bangladesh/BCSIR-NILMRC-458/2021,Bangladesh/BCSIR-NILMRC-490/2020,Bangladesh/BCSIR-NILMRC-445/2021,Bangladesh/BCSIR-NILMRC-451/2021,Bangladesh/BCSIR-NILMRC-454/2021,Bangladesh/BCSIR-NILMRC-692/2021,Bangladesh/BCSIR-NILMRC-518/2020,Bangladesh/BCSIR-NILMRC-446/2021,Bangladesh/BCSIR-NILMRC-276/2020,Bangladesh/BCSIR-NILMRC-724/2021
Md. Saddam Hossain et al	31	unknown	unknown	unknown	Bangladesh/BCSIR-AFIP-33/2021,Bangladesh/BCSIR-NILMRC-232/2020,Bangladesh/BCSIR-NILMRC-663/2021,Bangladesh/BCSIR-AFIP-32/2021,Bangladesh/BCSIR-NILMRC-662/2021,Bangladesh/BCSIR-NILMRC-668/2021,Bangladesh/BCSIR-NILMRC-666/2021,Bangladesh/BCSIR-NILMRC-163/2020,Bangladesh/BCSIR-NILMRC-130/2020,Bangladesh/BCSIR-NILMRC-131/2020,Bangladesh/BCSIR-NILMRC-365/2020,Bangladesh/BCSIR-NILMRC-370/2020,Bangladesh/BCSIR-NILMRC-307/2020,Bangladesh/BCSIR-NILMRC-501/2020,Bangladesh/BCSIR-NILMRC-293/2020,Bangladesh/BCSIR-NILMRC-507/2021,Bangladesh/BCSIR-NILMRC-479/2020,Bangladesh/BCSIR-NILMRC-437/2021,Bangladesh/BCSIR-NILMRC_424/2020,Bangladesh/BCSIR-NILMRC-450/2021,Bangladesh/BCSIR-NILMRC-459/2021,Bangladesh/BCSIR-NILMRC-364/2020,Bangladesh/BCSIR-NILMRC-315/2020,Bangladesh/BCSIR-NILMRC-465/2021,Bangladesh/BCSIR-NILMRC-368/2020,Bangladesh/BCSIR-NILMRC-367/2020,Bangladesh/BCSIR-NILMRC_426/2020,Bangladesh/BCSIR-NILMRC_378/2020,Bangladesh/BCSIR-NILMRC-233/2020,Bangladesh/BCSIR-NILMRC-664/2021,Bangladesh/BCSIR-NILMRC-665/2021
CHRF Bangladesh Genomics Team et al	192	unknown	unknown	unknown	Bangladesh/CHRF-0223/2021,Bangladesh/CHRF-0021/2020,Bangladesh/CHRF-0007/2020,Bangladesh/CHRF-0019/2020,Bangladesh/CHRF-0200/2020,Bangladesh/CHRF-0010/2020,Bangladesh/CHRF-0002/2020,Bangladesh/CHRF-0215/2021,Bangladesh/CHRF-0011/2020,Bangladesh/CHRF-0024/2020,Bangladesh/CHRF-0006/2020,Bangladesh/CHRF-0030/2020,Bangladesh/CHRF-0041/2020,Bangladesh/CHRF-0054/2020,Bangladesh/CHRF-0015/2020,Bangladesh/CHRF-0194/2021,Bangladesh/CHRF-0207/2021,Bangladesh/CHRF-0212/2021,Bangladesh/CHRF-0210/2021,Bangladesh/CHRF-0192/2021,Bangladesh/CHRF-0211/2021,Bangladesh/CHRF-0181/2021,Bangladesh/CHRF-0170/2021,Bangladesh/CHRF-0184/2021,Bangladesh/CHRF-0186/2021,Bangladesh/CHRF-0196/2021,Bangladesh/CHRF-0153/2021,Bangladesh/CHRF-0174/2021,Bangladesh/CHRF-0175/2021,Bangladesh/CHRF-0177/2021,Bangladesh/CHRF-0204/2021,Bangladesh/CHRF-0188/2021,Bangladesh/CHRF-0185/2021,Bangladesh/CHRF-0189/2021,Bangladesh/CHRF-0220/2021,Bangladesh/CHRF-0197/2021,Bangladesh/CHRF-0221/2021,Bangladesh/CHRF-0187/2021,Bangladesh/CHRF-0209/2021,Bangladesh/CHRF-0216/2021,Bangladesh/CHRF-0219/2021,Bangladesh/CHRF-0208/2021,Bangladesh/CHRF-0183/2021,Bangladesh/CHRF-0222/2021,Bangladesh/CHRF-0190/2021,Bangladesh/CHRF-0214/2021,Bangladesh/CHRF-0213/2021,Bangladesh/CHRF-0075/2020,Bangladesh/CHRF-0042B/2020,Bangladesh/CHRF-0058/2020,Bangladesh/CHRF-0100/2020,Bangladesh/CHRF-0218/2021,Bangladesh/CHRF-0193/2021,Bangladesh/CHRF-0097/2020,Bangladesh/CHRF-0093/2020,Bangladesh/CHRF-0115/2020,Bangladesh/CHRF-0020/2020,Bangladesh/CHRF-0047/2020,Bangladesh/CHRF-0014/2020,Bangladesh/CHRF-0112/2020,Bangladesh/CHRF-0119/2020,Bangladesh/CHRF-0083/2020,Bangladesh/CHRF-0046/2020,Bangladesh/CHRF-0036/2020,Bangladesh/CHRF-0050/2020,Bangladesh/CHRF-0049/2020,Bangladesh/CHRF-0008/2020,Bangladesh/CHRF-0045/2020,Bangladesh/CHRF-0063/2020,Bangladesh/CHRF-0064/2020,Bangladesh/CHRF-0037/2020,Bangladesh/CHRF-0029/2020,Bangladesh/CHRF-0053/2020,Bangladesh/CHRF-0087/2020,Bangladesh/CHRF-0080/2020,Bangladesh/CHRF-0090/2020,Bangladesh/CHRF-0094/2020,Bangladesh/CHRF-0085/2020,Bangladesh/CHRF-0205/2020,Bangladesh/CHRF-0086/2020,Bangladesh/CHRF-0104/2020,Bangladesh/CHRF-0105/2020,Bangladesh/CHRF-0150/2021,Bangladesh/CHRF-0151/2021,Bangladesh/CHRF-0166/2020,Bangladesh/CHRF-0154/2021,Bangladesh/CHRF-0198/2020,Bangladesh/CHRF-0106/2020,Bangladesh/CHRF-0199/2020,Bangladesh/CHRF-0201/2020,Bangladesh/CHRF-0160/2020,Bangladesh/CHRF-0099/2020,Bangladesh/CHRF-0110/2020,Bangladesh/CHRF-0089/2020,Bangladesh/CHRF-0158/2020,Bangladesh/CHRF-0122/2020,Bangladesh/CHRF-0138/2021,Bangladesh/CHRF-0156/2020,Bangladesh/CHRF-0165/2020,Bangladesh/CHRF-0167/2020,Bangladesh/CHRF-0091/2020,Bangladesh/CHRF-0095/2020,Bangladesh/CHRF-0092/2020,Bangladesh/CHRF-0123/2021,Bangladesh/CHRF-0079/2020,Bangladesh/CHRF-0023/2020,Bangladesh/CHRF-0116/2020,Bangladesh/CHRF-0202/2020,Bangladesh/CHRF-0203/2020,Bangladesh/CHRF-0137/2021,Bangladesh/CHRF-0144/2021,Bangladesh/CHRF-0178/2021,Bangladesh/CHRF-0163/2021,Bangladesh/CHRF-0161/2021,Bangladesh/CHRF-0217/2021,Bangladesh/CHRF-0111/2020,Bangladesh/CHRF-0147/2021,Bangladesh/CHRF-0148/2021,Bangladesh/CHRF-0141/2021,Bangladesh/CHRF-0145/2021,Bangladesh/CHRF-0096/2020,Bangladesh/CHRF-0117/2020,Bangladesh/CHRF-0120/2020,Bangladesh/CHRF-0098/2020,Bangladesh/CHRF-0109/2020,Bangladesh/CHRF-0114/2020,Bangladesh/CHRF-0143/2021,Bangladesh/CHRF-0139/2021,Bangladesh/CHRF-0081/2020,Bangladesh/CHRF-0018/2020,Bangladesh/CHRF-0003/2020,Bangladesh/CHRF-0005/2020,Bangladesh/CHRF-0101/2020,Bangladesh/CHRF-0102/2020,Bangladesh/CHRF-0070/2020,Bangladesh/CHRF-0004/2020,Bangladesh/CHRF-0073/2020,Bangladesh/CHRF-0028/2020,Bangladesh/CHRF-0034/2020,Bangladesh/CHRF-0056/2020,Bangladesh/CHRF-0149/2021,Bangladesh/CHRF-0001/2020,Bangladesh/CHRF-0159/2020,Bangladesh/CHRF-0084/2020,Bangladesh/CHRF-0009/2020,Bangladesh/CHRF-0074/2020,Bangladesh/CHRF-0072/2020,Bangladesh/CHRF-0059/2020,Bangladesh/CHRF-0078/2020,Bangladesh/CHRF-0060/2020,Bangladesh/CHRF-0032/2020,Bangladesh/CHRF-0055/2020,Bangladesh/CHRF-0016/2020,Bangladesh/CHRF-0108/2020,Bangladesh/CHRF-0113/2020,Bangladesh/CHRF-0022/2020,Bangladesh/CHRF-0048/2020,Bangladesh/CHRF-0013/2020,Bangladesh/CHRF-0065/2020,Bangladesh/CHRF-0044/2020,Bangladesh/CHRF-0077/2020,Bangladesh/CHRF-0052/2020,Bangladesh/CHRF-0017/2020,Bangladesh/CHRF-0076/2020,Bangladesh/CHRF-0012/2020,Bangladesh/CHRF-0033/2020,Bangladesh/CHRF-0051/2020,Bangladesh/CHRF-0035/2020,Bangladesh/CHRF-0025/2020,Bangladesh/CHRF-0043/2020,Bangladesh/CHRF-0071/2020,Bangladesh/CHRF-0061/2020,Bangladesh/CHRF-0062/2020,Bangladesh/CHRF-0038/2020,Bangladesh/CHRF-0027/2020,Bangladesh/CHRF-0191/2021,Bangladesh/CHRF-0088/2020,Bangladesh/CHRF-0069/2020,Bangladesh/CHRF-0157/2020,Bangladesh/CHRF-0068/2020,Bangladesh/CHRF-0082/2020,Bangladesh/CHRF-0031/2020,Bangladesh/CHRF-0067/2020,Bangladesh/CHRF-0162/2021,Bangladesh/CHRF-0135/2021,Bangladesh/CHRF-0128/2020,Bangladesh/CHRF-0164/2021,Bangladesh/CHRF-0195/2021,Bangladesh/CHRF-0168/2021,Bangladesh/CHRF-0169/2021,Bangladesh/CHRF-0155/2021,Bangladesh/CHRF-0179/2021
Hassan Afrad et al	65	unknown	unknown	unknown	Bangladesh/ideSHi-T-1784/2021,Bangladesh/ideSHi-ESP001/2021,Bangladesh/ideSHi-T-3089/2021,Bangladesh/ideSHi-IR-182/2021,Bangladesh/ideSHi-IR-1214/2021,Bangladesh/ideSHi-N-1390/2021,Bangladesh/ideSHi-ESP002/2021,Bangladesh/ideSHi-057/2021,Bangladesh/ideSHi-TR-1310/2021,Bangladesh/ideSHi-IR-137/2021,Bangladesh/ideSHi-N-1406/2021,Bangladesh/ideSHi-IR-73/2021,Bangladesh/ideSHi-IR-87/2021,Bangladesh/ideSHi-TR-1381/2021,Bangladesh/ideSHi-078/2021,Bangladesh/ideSHi-N-1465/2021,Bangladesh/ideSHi-TR-341/2021,Bangladesh/ideSHi-IR-121/2021,Bangladesh/ideSHi-N-1506/2021,Bangladesh/ideSHi-N-1483/2021,Bangladesh/ideSHi-IR-34/2021,Bangladesh/ideSHi-0210/2021,Bangladesh/ideSHi-IR-172/2021,Bangladesh/ideSHi-IR-71/2021,Bangladesh/ideSHi-IR-33/2021,Bangladesh/ideSHi-IR-98/2021,Bangladesh/ideSHi-IR-197/2021,Bangladesh/ideSHi-IR-51/2021,Bangladesh/ideSHi-IR-123/2021,Bangladesh/ideSHi-N-1500/2021,Bangladesh/ideSHi-IR-179/2021,Bangladesh/ideSHi-N-1444/2021,Bangladesh/ideSHi-IR-09/2021,Bangladesh/ideSHi-TR-1069/2021,Bangladesh/ideSHi-041/2020,Bangladesh/ideSHi-017/2020,Bangladesh/ideSHi-047/2020,Bangladesh/ideSHi-034/2020,Bangladesh/ideSHi-058/2020,Bangladesh/ideSHi-054/2020,Bangladesh/ideSHi-052/2020,Bangladesh/ideSHi-063/2021,Bangladesh/ideSHi-0216/2021,Bangladesh/ideSHi-044/2020,Bangladesh/ideSHi-042/2020,Bangladesh/ideSHi-057/2020,Bangladesh/ideSHi-059/2020,Bangladesh/ideSHi-025/2021,Bangladesh/ideSHi-043/2020,Bangladesh/ideSHi-046/2020,Bangladesh/ideSHi-048/2020,Bangladesh/ideSHi-055/2020,Bangladesh/ideSHi-049/2020,Bangladesh/ideSHi-026/2021,Bangladesh/ideSHi-B-100402007/2021,Bangladesh/ideSHi-N-1392/2021,Bangladesh/ideSHi-045/2020,Bangladesh/ideSHi-ESP003/2021,Bangladesh/ideSHi-B-302102001/2021,Bangladesh/ideSHi-B-302302003/2021,Bangladesh/ideSHi-B-301702002/2021,Bangladesh/ideSHi-IEDCR-233472/2021,Bangladesh/ideSHi-IEDCR-233622/2021,Bangladesh/ideSHi-B-302502005/2021,Bangladesh/ideSHi-B-302502004/2021
Khan et al	44	unknown	unknown	unknown	Bangladesh/DNAS-isl-1-003/2020,Bangladesh/DNAS-CPH-isl-461/2020,Bangladesh/DNAS-isl-6840/2020,Bangladesh/DNAS-CPH-isl-426/2020,Bangladesh/DNAS-CPH-isl-417/2020,Bangladesh/DNAS-CPH-isl-509/2020,Bangladesh/DNAS-CPH-isl-479/2020,Bangladesh/DNAS-CPH-isl-537/2020,Bangladesh/DNAS-CPH-isl-485/2020,Bangladesh/DNAS-CPH-isl-486/2020,Bangladesh/DNAS-CPH-isl-437/2020,Bangladesh/DNAS_isl_MMC-02/2020,Bangladesh/DNAS_isl_MMC-01/2020,Bangladesh/DNAS-BSH-isl-9/2020,Bangladesh/DNAS-isl-75/2020,Bangladesh/DNAS-isl-116/2020,Bangladesh/DNAS-RAB-isl-118/2020,Bangladesh/DNAS-RAB-isl-82/2020,Bangladesh/DNAS-RAB-isl-114/2020,Bangladesh/DNAS_isl_MH-09/2020,Bangladesh/DNAS-isl-95/2020,Bangladesh/DNAS-RAB-isl-86/2020,Bangladesh/DNAS-isl-4/2020,Bangladesh/DNAS-RAB-isl-88/2020,Bangladesh/DNAS-CPH-isl-510/2020,Bangladesh/DNAS-CPH-isl-430/2020,Bangladesh/DNAS-CPH-isl-515/2020,Bangladesh/DNAS-CPH-isl-525/2020,Bangladesh/DNAS-CPH-isl-438/2020,Bangladesh/DNAS-CPH-isl-506/2020,Bangladesh/DNAS-isl-8225/2020,Bangladesh/DNAS-CPH-isl-475/2020,Bangladesh/DNAS_isl_UMCH-1/2020,Bangladesh/DNAS_isl_S-5/2020,Bangladesh/DNAS-isl-113/2020,Bangladesh/DNAS-isl-6300/2020,Bangladesh/DNAS-P-isl-T/2020,Bangladesh/DNAS-BSH-isl-1/2020,Bangladesh/DNAS-CPH-isl-441/2020,Bangladesh/DNAS-CPH-isl-521/2020,Bangladesh/DNAS_isl_Hia/2020,Bangladesh/DNAS_isl_GL-01/2020,Bangladesh/DNAS-CPH-isl-428/2020,Bangladesh/DNAS_isl_BRB-3/2020
Md. Imran Khan et al	80	unknown	unknown	unknown	Bangladesh/DNAS_DRCIM_isl_1-003/2020,Bangladesh/DNAS_DRCIM_CPH_isl_461_BGD/2020,Bangladesh/DNAS_DRCIM_isl_6840/2020,Bangladesh/DNAS_DRCIM_CPH_isl_426_BGD/2020,Bangladesh/DNAS_DRCIM_CPH_isl_417_BGD/2020,Bangladesh/DNAS-CPH-466/2020,Bangladesh/DNAS_DRCIM_CPH_isl_509_BGD/2020,Bangladesh/DNAS_DRCIM_CPH_isl_479_BGD/2020,Bangladesh/DNAS_DRCIM_CPH_isl_537_BGD/2020,Bangladesh/DNAS_DRCIM_CPH_isl_485_BGD/2020,Bangladesh/DNAS_DRCIM_CPH_isl_486_BGD/2020,Bangladesh/DNAS_DRCIM_CPH_isl_437_BGD/2020,Bangladesh/DNAS_DRICM_isl_Enayet/2020,Bangladesh/DNAS_DRICM_isl_R-138/2020,Bangladesh/DNAS_DRICM_isl_EK-91/2020,Bangladesh/DNAS_DRICM_isl_SIBL_12/2020,Bangladesh/DNAS_DRICM_isl_OPS_3/2020,Bangladesh/DNAS_DRCIM_isl_MMC-01/2020,Bangladesh/DNAS_DRCIM_isl_MMC-02/2020,Bangladesh/DNAS_DRCIM_BSH_isl_9_BGD/2020,Bangladesh/DNAS_DRCIM_isl_75/2020,Bangladesh/DNAS_DRCIM_isl_116/2020,Bangladesh/DNAS_DRCIM_RAB_isl_118_BGD/2020,Bangladesh/DNAS_DRCIM_RAB_isl_82_BGD/2020,Bangladesh/DNAS_DRCIM_RAB_isl_114_BGD/2020,Bangladesh/DNAS_DRCIM_isl_MH-09/2020,Bangladesh/DNAS_DRCIM_isl_95/2020,Bangladesh/DNAS_DRCIM_isl_Amal/2020,Bangladesh/DNAS_DRICM_isl_SM-12/2020,Bangladesh/DNAS_DRCIM_isl_2/2020,Bangladesh/DNAS_DRCIM_isl_17/2020,Bangladesh/DNAS_DRCIM_RAB_isl_86_BGD/2020,Bangladesh/DNAS_DRCIM_isl_4/2020,Bangladesh/DNAS_DRCIM_RAB_isl_88_BGD/2020,Bangladesh/DNAS-CPH-471/2020,Bangladesh/DNAS_DRCIM_CPH_isl_510_BGD/2020,Bangladesh/DRICM_DNAS_CPH_isl_430_BGD/2020,Bangladesh/DNAS-CPH-427/2020,Bangladesh/DNAS-CPH-467/2020,Bangladesh/DNAS_DRCIM_CPH_isl_515_BGD/2020,Bangladesh/DNAS_DRCIM_CPH_isl_525_BGD/2020,Bangladesh/DNAS_DRCIM_CPH_isl_438_BGD/2020,Bangladesh/DNAS_DRCIM_CPH_isl_506_BGD/2020,Bangladesh/DNAS_DRCIM_isl_8225/2020,Bangladesh/DNAS_DRCIM_isl_ICHRI-2/2020,Bangladesh/DNAS_DRICM_isl_R-136/2020,Bangladesh/DNAS_DRCIM_CPH_isl_475_BGD/2020,Bangladesh/DNAS_DRCIM_isl_SM-01/2020,Bangladesh/DNAS_DRCIM_isl_UMCH-1/2020,Bangladesh/DNAS_DRCIM_isl_DSIMCH-2/2020,Bangladesh/DNAS_DRICM_isl_19215/2020,Bangladesh/DNAS-Jakir/2020,Bangladesh/DNAS_DRCIM_isl_S-5/2020,Bangladesh/DNAS_DRICM_isl_UMCH-1/2020,Bangladesh/DNAS_DRCIM_isl_6841/2020,Bangladesh/DNAS_DRCIM_isl_113/2020,Bangladesh/DNAS_DRCIM_isl_6300/2020,Bangladesh/DNAS_DRCIM_P_isl_T_BGD/2020,Bangladesh/DNAS_DRICM_isl_Sharmin/2020,Bangladesh/DNAS_DRCIM_BSH_isl_1_BGD/2020,Bangladesh/DNAS_DRCIM_isl_B-1/2020,Bangladesh/DNAS_DRICM_CPH_isl_441_BGD/2020,Bangladesh/DNAS_isl_P2-104/2020,Bangladesh/DNAS_DRICM_CPH_isl_521_BGD/2020,Bangladesh/DNAS_DRICM_isl_N-3/2020,Bangladesh/DNAS_isl_DRCIM_6302/2020,Bangladesh/DNAS_DRCIM_isl_6299/2020,Bangladesh/DNAS_DRCIM_isl_6301/2020,Bangladesh/DNAS_DRICM_isl_SM-14/2020,Bangladesh/DNAS_DRCIM_isl_BGH-485/2020,Bangladesh/DNAS_DRCIM_isl_SM-12/2020,Bangladesh/DNAS_DRCIM_isl_GL-01/2020,Bangladesh/DNAS_DRICM_isl_Al-52/2020,Bangladesh/DNAS_DRICM_isl_ICHRI_4/2020,Bangladesh/DNAS_DRICM_isl_SIBL-5/2020,Bangladesh/DNAS_DRCIM_isl_P2-101/2020,Bangladesh/DNAS_DRCIM_isl_HH_13/2020,Bangladesh/DNAS_DRCIM_isl_Sik-Bip-01/2020,Bangladesh/DNAS_DRCIM_CPH_isl_428_BGD/2020,Bangladesh/DNAS_DRCIM_isl_BRB-3/2020
Lauren Cowley et al	13	unknown	unknown	unknown	Bangladesh/203/2020,Bangladesh/G-38/2020,Bangladesh/G-149/2020,Bangladesh/G-193/2020,Bangladesh/G-152/2020,Bangladesh/G-156/2020,Bangladesh/29156/2020,Bangladesh/G-183/2020,Bangladesh/G-14/2020,Bangladesh/G-10/2020,Bangladesh/G-131/2020,Bangladesh/G-134/2020,Bangladesh/G-130/2020
Sharif Akhteruzzaman et al	5	unknown	unknown	unknown	Bangladesh/DU-50768/2020,Bangladesh/DU-50740/2020,Bangladesh/DU-50758/2020,Bangladesh/DU-CARS-5586/2020,Bangladesh/DU-50761/2020
Md.Abdul kaium et al	1	unknown	unknown	unknown	Bangladesh/Akbiomed-01/2020
Shahina Akter et al	23	unknown	unknown	unknown	Bangladesh/BCSIR-NILMRC-68/2020,Bangladesh/BCSIR-AFIP-20/2021,Bangladesh/BCSIR-AFIP-19/2021,Bangladesh/BCSIR-NILMRC-698/2021,Bangladesh/BCSIR-NILMRC-747/2021,Bangladesh/BCSIR-NILMRC-748/2021,Bangladesh/BCSIR-NILMRC-192/2020,Bangladesh/BCSIR-NILMRC-430/2021,Bangladesh/BCSIR-NILMRC-457/2021,Bangladesh/BCSIR-NILMRC_393/2020,Bangladesh/BCSIR-NILMRC-488/2020,Bangladesh/BCSIR-NILMRC_396/2020,Bangladesh/BCSIR-NILMRC-425/2021,Bangladesh/BCSIR-NILMRC-467/2021,Bangladesh/BCSIR-NILMRC-696/2021,Bangladesh/BCSIR-NILMRC-521/2020,Bangladesh/BCSIR-NILMRC-433/2021,Bangladesh/BCSIR-NILMRC-087/2020,Bangladesh/BCSIR-NILMRC-003/2020,Bangladesh/BCSIR-NILMRC-188/2020,Bangladesh/BCSIR-NILMRC-481/2020,Bangladesh/BCSIR-NILMRC-084/2020,Bangladesh/BCSIR-NILMRC-165/2020
Dr. Muhammad Maqsud Hossain et al	8	unknown	unknown	unknown	Bangladesh/NGRI-NSTU-31/2020,Bangladesh/NGRI-NSTU-21/2020,Bangladesh/NGRI-NSTU-05/2020,Bangladesh/NGRI-NSTU-02/2020,Bangladesh/NGRI-NSTU-06/2020,Bangladesh/NGRI-NSTU-16/2020,Bangladesh/NGRI-NSTU-03/2020,Bangladesh/NGRI-NSTU-18/2020
Barna Goswami et al	31	unknown	unknown	unknown	Bangladesh/BCSIR-NILMRC-514/2020,Bangladesh/BCSIR-NILMRC-351/2020,Bangladesh/BCSIR-NILMRC-228/2020,Bangladesh/BCSIR-AFIP-27/2021,Bangladesh/BCSIR-NILMRC-751/2021,Bangladesh/BCSIR-AFIP-29/2021,Bangladesh/BCSIR-AFIP-28/2021,Bangladesh/BCSIR-NILMRC-753/2021,Bangladesh/BCSIR-NILMRC_185/2020,Bangladesh/BCSIR-NILMRC-062/2020,Bangladesh/BCSIR-NILMRC-198/2020,Bangladesh/BCSIR-NILMRC-060/2020,Bangladesh/BCSIR-NILMRC-65/2020,Bangladesh/BCSIR-NILMRC-526/2021,Bangladesh/BCSIR-NILMRC-429/2021,Bangladesh/BCSIR-NILMRC_28/2020,Bangladesh/BCSIR-NILMRC-456/2021,Bangladesh/BCSIR-NILMRC-515/2020,Bangladesh/BCSIR-NILMRC-434/2021,Bangladesh/BCSIR-NILMRC-441/2021,Bangladesh/BCSIR-NILMRC-472/2021,Bangladesh/BCSIR-NILMRC-513/2021,Bangladesh/BCSIR-NILMRC_421/2020,Bangladesh/BCSIR-NILMRC-439/2021,Bangladesh/BCSIR-NILMRC-004/2020,Bangladesh/BCSIR-NILMRC-095/2020,Bangladesh/BCSIR-NILMRC-265/2020,Bangladesh/BCSIR-NILMRC_420/2020,Bangladesh/BCSIR-NILMRC-263/2020,Bangladesh/BCSIR-SUST-11/2021,Bangladesh/BCSIR-SUST-10/2021
Iffat Jahan et al	28	unknown	unknown	unknown	Bangladesh/BCSIR-NILMRC-381/2020,Bangladesh/BCSIR-DU-08/2020,Bangladesh/BCSIR-NILMRC-660/2021,Bangladesh/BCSIR-NILMRC-659/2021,Bangladesh/BCSIR-AFIP-30/2021,Bangladesh/BCSIR-AFIP-31/2021,Bangladesh/BCSIR-NILMRC-455/2021,Bangladesh/BCSIR-NILMRC-059/2020,Bangladesh/13-BCSIR-NILMRC_148/2020,Bangladesh/BCSIR-NILMRC_423/2020,Bangladesh/BCSIR-NILMRC-468/2021,Bangladesh/BCSIR-NILMRC-447/2021,Bangladesh/BCSIR-NILMRC-462/2021,Bangladesh/BCSIR-NILMRC-477/2020,Bangladesh/BCSIR-NILMRC-523/2021,Bangladesh/BCSIR-NILMRC-460/2021,Bangladesh/BCSIR-NILMRC-443/2021,Bangladesh/BCSIR-SUST-12/2021,Bangladesh/BCSIR-NILMRC-520/2020,Bangladesh/BCSIR-NILMRC_422/2020,Bangladesh/BCSIR-NILMRC-313/2020,Bangladesh/BCSIR-NILMRC-100/2020,Bangladesh/BCSIR-NILMRC-053/2020,Bangladesh/BCSIR-NILMRC-002/2020,Bangladesh/BCSIR-NILMRC-369/2020,Bangladesh/BCSIR-NILMRC-273/2020,Bangladesh/BCSIR-SUST-13/2021,Bangladesh/BCSIR-NILMRC-754/2021
Mohammad Omar Faruque et al	7	unknown	unknown	unknown	Bangladesh/CU-CTG-47/2020,Bangladesh/CU-CTG-44/2020,Bangladesh/CU-CTG-15/2020,Bangladesh/CU-CTG-32/2020,Bangladesh/CU-CTG-38/2020,Bangladesh/CU-CTG-03/2020,Bangladesh/CU-CTG-06/2020
H. M. Abdullah Al Masud et al	7	unknown	unknown	unknown	Bangladesh/CU-CTG-51/2020,Bangladesh/CU-CTG-23/2020,Bangladesh/CU-CTG-35/2020,Bangladesh/CU-CTG-71/2020,Bangladesh/CU-CTG-57/2020,Bangladesh/CU-CTG-76/2020,Bangladesh/CU-CTG-16/2020
Maqsud Hossain et al	1	unknown	unknown	unknown	Bangladesh/NGRI-R2-1/2020
Md. Imranul Hoq et al	7	unknown	unknown	unknown	Bangladesh/CU-CTG-24/2020,Bangladesh/CU-CTG-75/2020,Bangladesh/CU-CTG-77/2020,Bangladesh/CU-CTG-80/2020,Bangladesh/CU-CTG-13/2020,Bangladesh/CU-CTG-18/2020,Bangladesh/CU-CTG-73/2020
Robiul Hasan Bhuiyan et al	7	unknown	unknown	unknown	Bangladesh/CU-CTG-72/2020,Bangladesh/CU-CTG-04/2020,Bangladesh/CU-CTG-39/2020,Bangladesh/CU-CTG-09/2020,Bangladesh/CU-CTG-36/2020,Bangladesh/CU-CTG-02/2020,Bangladesh/CU-CTG-79/2020
Tanjina Akhtar Banu et al	9	unknown	unknown	unknown	Bangladesh/BCSIR-6/2020,Bangladesh/BCSIR-NILMRC-448/2021,Bangladesh/BCSIR-NILMRC-449/2021,Bangladesh/BCSIR-NILMRC-509/2021,Bangladesh/BCSIR-NILMRC-474/2021,Bangladesh/BCSIR-NILMRC-453/2021,Bangladesh/BCSIR-NILMRC-489/2020,Bangladesh/BCSIR-NILMRC-436/2021,Bangladesh/BCSIR-NILMRC-517/2020
Md. Maruf Ahmed Molla et al	20	unknown	unknown	unknown	Bangladesh/BCSIR-NILMRC-444/2021,Bangladesh/BCSIR-NILMRC-690/2021,Bangladesh/BCSIR-NILMRC-689/2021,Bangladesh/BCSIR-NILMRC-729/2021,Bangladesh/BCSIR-NILMRC-688/2021,Bangladesh/BCSIR-NILMRC-727/2021,Bangladesh/BCSIR-NILMRC-728/2021,Bangladesh/BCSIR-NILMRC-730/2021,Bangladesh/BCSIR-NILMRC-732/2021,Bangladesh/BCSIR-NILMRC-280/2020,Bangladesh/BCSIR-NILMRC-482/2020,Bangladesh/BCSIR-NILMRC-469/2021,Bangladesh/BCSIR-NILMRC-511/2021,Bangladesh/BCSIR-NILMRC-731/2021,Bangladesh/BCSIR-NILMRC-464/2021,Bangladesh/BCSIR-NILMRC-431/2021,Bangladesh/BCSIR-NILMRC-177/2020,Bangladesh/BCSIR-NILMRC-178/2020,Bangladesh/BCSIR-NILMRC-278/2020,Bangladesh/BCSIR-NILMRC-466/2021
Mohammad Mohi Uddin et al	5	unknown	unknown	unknown	Bangladesh/BCSIR-NILMRC-681/2021,Bangladesh/BCSIR-NILMRC-682/2021,Bangladesh/BCSIR-AFIP-34/2021,Bangladesh/BCSIR-AFIP-35/2021,Bangladesh/BCSIR-SUST-16/2021
Susane Giti et al	6	unknown	unknown	unknown	Bangladesh/BCSIR-AFIP-42/2021,Bangladesh/BCSIR-AFIP-17/2021,Bangladesh/BCSIR-AFIP-41/2021,Bangladesh/BCSIR-AFIP-16/2021,Bangladesh/BCSIR-AFIP-18/2021,Bangladesh/BCSIR-AFIP-15/2021
Tanjina Akhter Banu et al	16	unknown	unknown	unknown	Bangladesh/BCSIR-NILMRC-701/2021,Bangladesh/BCSIR-AFIP-21/2021,Bangladesh/BCSIR-AFIP-22/2021,Bangladesh/BCSIR-NILMRC-749/2021,Bangladesh/BCSIR-NILMRC-700/2021,Bangladesh/BCSIR-NILMRC-066/2020,Bangladesh/BCSIR-NILMRC-094/2020,Bangladesh/BCSIR-NILMRC-193/2020,Bangladesh/13-BCSIR-NILMRC-142/2020,Bangladesh/BCSIR-NILMRC-309/2020,Bangladesh/BCSIR-NILMRC-064/2020,Bangladesh/BCSIR-NILMRC_411/2020,Bangladesh/BCSIR-NILMRC_397/2020,Bangladesh/BCSIR-NILMRC-223/2020,Bangladesh/BCSIR-NILMRC-224/2020,Bangladesh/BCSIR-NILMRC-750/2021
Mohammad Mizanur Rahman et al	5	unknown	unknown	unknown	Bangladesh/BCSIR-AFIP-39/2021,Bangladesh/BCSIR-AFIP-40/2021,Bangladesh/BCSIR-AFIP-13/2021,Bangladesh/BCSIR-AFIP-12/2021,Bangladesh/BCSIR-AFIP-14/2021
Uzzaman et al	1	unknown	unknown	unknown	Bangladesh/BCSIR-NILMRC-684/2021
Md. Shamsul Haque Prodhan et al	4	unknown	unknown	unknown	Bangladesh/BCSIR-SUST-53/2021,Bangladesh/BCSIR-SUST-54/2021,Bangladesh/BCSIR-SUST-03/2021,Bangladesh/BCSIR-SUST-02/2021
Mahmuda Yeasmin et al	2	unknown	unknown	unknown	Bangladesh/BCSIR-NILMRC-179/2020,Bangladesh/BCSIR-NILMRC-285/2020
Md. Ahasan Habib et al	8	unknown	unknown	unknown	Bangladesh/BCSIR-NILMRC-222/2020,Bangladesh/BCSIR-NILMRC-262/2020,Bangladesh/BCSIR-NILMRC-134/2020,Bangladesh/BCSIR-NILMRC-187/2020,Bangladesh/BCSIR-NILMRC-184/2020,Bangladesh/BCSIR-NILMRC-261/2020,Bangladesh/BCSIR-NILMRC-080/2020,Bangladesh/BCSIR-NILMRC-154/2020
Asish Kumar Ghosh et al	4	unknown	unknown	unknown	Bangladesh/BCSIR-NILMRC-181/2020,Bangladesh/BCSIR-NILMRC-291/2020,Bangladesh/BCSIR-NILMRC-290/2020,Bangladesh/BCSIR-NILMRC-182/2020
Md. Nazmul Hasan et al	2	unknown	unknown	unknown	Bangladesh/SUST-GEB-Sunamganj-4/2020,Bangladesh/SUST-GEB-Habiganj-3/2020
Jamiruddin et al	9	unknown	unknown	unknown	Bangladesh/GRBL_S11/2020,Bangladesh/GRBL_S1/2020,Bangladesh/GRBL_S9/2020,Bangladesh/GRBL_S14/2020,Bangladesh/GRBL_S4/2020,Bangladesh/GRBL_S2/2020,Bangladesh/GRBL_S3/2020,Bangladesh/GRBL_S6/2020,Bangladesh/GRBL_S10/2020
Nihad Adnan et al	5	unknown	unknown	unknown	Bangladesh/GRMDRC-8/2020,Bangladesh/GRMDRC/2020,Bangladesh/GRMDRC-6/2020,Bangladesh/GRMDRC-4/2020,Bangladesh/GRMDRC-2/2020
Md. Ahashan Habib et al	8	unknown	unknown	unknown	Bangladesh/BCSIR-NILMRC_225/2020,Bangladesh/BCSIR-NILMRC-470/2021,Bangladesh/BCSIR-NILMRC-478/2020,Bangladesh/BCSIR-NILMRC-440/2021,Bangladesh/BCSIR-NILMRC-452/2021,Bangladesh/BCSIR-NILMRC_427/2020,Bangladesh/BCSIR-NILMRC_428/2020,Bangladesh/BCSIR-NILMRC-461/2021
Nurnabi Azad Jewel et al	2	unknown	unknown	unknown	Bangladesh/SUST-GEB-Sunamganj-3/2020,Bangladesh/SUST-GEB-Habiganj-4/2020
Mohd. Raeed Jamiruddin et al	4	unknown	unknown	unknown	Bangladesh/GRMDRC-9/2020,Bangladesh/GRMDRC-3/2020,Bangladesh/GRMDRC-5/2020,Bangladesh/GRMDRC-7/2020
Shamsul H. Prodhan et al	2	unknown	unknown	unknown	Bangladesh/SUST-GEB-Sunamganj-5/2020,Bangladesh/SUST-GEB-Sunamganj-1/2020
Hammadul Hoque et al	3	unknown	unknown	unknown	Bangladesh/SUST-GEB-Habiganj-1/2020,Bangladesh/SUST-GEB-Sunamganj-2/2020,Bangladesh/SUST-GEB-Habiganj-6/2020
Md. Abdul Matin et al	2	unknown	unknown	unknown	Bangladesh/JU-WMSRC-Dhaka-8/2020,Bangladesh/JU-WMSRC-Dhaka-5/2020
Md. Moniruzzaman et al	1	unknown	unknown	unknown	Bangladesh/NIB-01/2020
Munira Jahan et al	1	unknown	unknown	unknown	Bangladesh/BSMMU-NIB-1/2020
Ovinu Kibria Islam et al	1	unknown	unknown	unknown	Bangladesh/JUST-GC59-083/2020
Hossain et al	2	unknown	unknown	unknown	Bangladesh/icddrb-2083/2020,Bangladesh/G039392/2021